"notice_id","publication_date","source_type","agency","title","comments_close_on","effective_on","docket_ids","evidence_domains","matched_terms","official_url","radar_url"
"2026-20272","2026-10-02","Notice","International Trade Administration","Certain Aluminum Foil From the Republic of Türkiye: Final Results of Countervailing Duty Administrative Review; 2023","","","C-489-845","party-identity | classification-duties","exporter | countervailing duty | duty","https://www.federalregister.gov/documents/2026/10/02/2026-20272/certain-aluminum-foil-from-the-republic-of-trkiye-final-results-of-countervailing-duty","https://www.tyllus.com/en/resources/us-import-evidence-change-radar/2026-20272"
"2026-20258","2026-10-02","Notice","International Trade Administration","Certain Carbon Steel Butt-Weld Pipe Fittings From the People's Republic of China: Notice of Court Decision Not in Harmony With Final Covered Merchandise Determination and Notice of Amended Covered Merchandise Determination Pursuant to Court Decision; Correction","","","A-570-814","classification-duties","antidumping","https://www.federalregister.gov/documents/2026/10/02/2026-20258/certain-carbon-steel-butt-weld-pipe-fittings-from-the-peoples-republic-of-china-notice-of-court","https://www.tyllus.com/en/resources/us-import-evidence-change-radar/2026-20258"
"2026-20256","2026-10-02","Notice","International Trade Administration","Common Alloy Aluminum Sheet From the People's Republic of China: Initiation of Circumvention Inquiry of the Antidumping Duty and Countervailing Duty Orders","","","A-570-073, C-570-074","classification-duties","antidumping | countervailing duty | duty","https://www.federalregister.gov/documents/2026/10/02/2026-20256/common-alloy-aluminum-sheet-from-the-peoples-republic-of-china-initiation-of-circumvention-inquiry","https://www.tyllus.com/en/resources/us-import-evidence-change-radar/2026-20256"
"2026-20185","2026-10-01","Notice","U.S. Customs and Border Protection","Certain DHS Immigration-Related Fees Required by HR-1: Fiscal Year 2027 Adjustments for Inflation","","","","documents-records | cost-impact","recordkeeping | fee","https://www.federalregister.gov/documents/2026/10/01/2026-20185/certain-dhs-immigration-related-fees-required-by-hr-1-fiscal-year-2027-adjustments-for-inflation","https://www.tyllus.com/en/resources/us-import-evidence-change-radar/2026-20185"
"2026-20171","2026-10-01","Notice","U.S. Customs and Border Protection","Agency Information Collection Activities; Revision; Entry Summary","","","OMB Control Number 1651-0022","","","https://www.federalregister.gov/documents/2026/10/01/2026-20171/agency-information-collection-activities-revision-entry-summary","https://www.tyllus.com/en/resources/us-import-evidence-change-radar/2026-20171"
"2026-20170","2026-10-01","Notice","U.S. Customs and Border Protection","Agency Information Collection Activities; Revision; Entry","","","OMB Control Number 1651-0024","","","https://www.federalregister.gov/documents/2026/10/01/2026-20170/agency-information-collection-activities-revision-entry","https://www.tyllus.com/en/resources/us-import-evidence-change-radar/2026-20170"
"2026-20166","2026-10-01","Notice","International Trade Administration","Stationary and Portable Air Compressors From Malaysia: Preliminary Affirmative Countervailing Duty Determination and Alignment of Final Determination With Final Antidumping Duty Determination","","","C-557-837","party-identity | classification-duties | enforcement-admissibility","exporter | antidumping | countervailing duty | duty | investigation","https://www.federalregister.gov/documents/2026/10/01/2026-20166/stationary-and-portable-air-compressors-from-malaysia-preliminary-affirmative-countervailing-duty","https://www.tyllus.com/en/resources/us-import-evidence-change-radar/2026-20166"
"2026-20165","2026-10-01","Notice","International Trade Administration","Stationary and Portable Air Compressors From the People's Republic of China: Preliminary Affirmative Countervailing Duty Determination and Alignment of Final Determination With Final Antidumping Duty Determination","","","C-570-233","party-identity | classification-duties | enforcement-admissibility","exporter | antidumping | countervailing duty | duty | investigation","https://www.federalregister.gov/documents/2026/10/01/2026-20165/stationary-and-portable-air-compressors-from-the-peoples-republic-of-china-preliminary-affirmative","https://www.tyllus.com/en/resources/us-import-evidence-change-radar/2026-20165"
"2026-20164","2026-10-01","Notice","International Trade Administration","Stationary and Portable Air Compressors From the Socialist Republic of Vietnam: Preliminary Affirmative Countervailing Duty Determination, and Alignment of Final Determination With Final Antidumping Duty Determination","","","C-552-857","party-identity | classification-duties | enforcement-admissibility","exporter | antidumping | countervailing duty | duty | investigation","https://www.federalregister.gov/documents/2026/10/01/2026-20164/stationary-and-portable-air-compressors-from-the-socialist-republic-of-vietnam-preliminary","https://www.tyllus.com/en/resources/us-import-evidence-change-radar/2026-20164"
"2026-20163","2026-10-01","Notice","International Trade Administration","Truck Bed Covers From the People's Republic of China: Preliminary Affirmative Determination of Sales at Less Than Fair Value, Postponement of Final Determination, and Extension of Provisional Measures","","","A-570-223","enforcement-admissibility","investigation","https://www.federalregister.gov/documents/2026/10/01/2026-20163/truck-bed-covers-from-the-peoples-republic-of-china-preliminary-affirmative-determination-of-sales","https://www.tyllus.com/en/resources/us-import-evidence-change-radar/2026-20163"
"2026-20162","2026-10-01","Notice","International Trade Administration","Large Diameter Graphite Electrodes From India: Preliminary Affirmative Critical Circumstances Determination in Countervailing Duty Investigation","","","C-533-949","classification-duties | enforcement-admissibility","countervailing duty | duty | investigation","https://www.federalregister.gov/documents/2026/10/01/2026-20162/large-diameter-graphite-electrodes-from-india-preliminary-affirmative-critical-circumstances","https://www.tyllus.com/en/resources/us-import-evidence-change-radar/2026-20162"
"2026-20161","2026-10-01","Notice","International Trade Administration","Initiation of Five-Year (Sunset) Reviews","","","","classification-duties | enforcement-admissibility","antidumping | countervailing duty | tariff | duty | investigation","https://www.federalregister.gov/documents/2026/10/01/2026-20161/initiation-of-five-year-sunset-reviews","https://www.tyllus.com/en/resources/us-import-evidence-change-radar/2026-20161"
"2026-20160","2026-10-01","Notice","International Trade Administration","Initiation of Antidumping and Countervailing Duty Administrative Reviews","","","","classification-duties","antidumping | countervailing duty | duty","https://www.federalregister.gov/documents/2026/10/01/2026-20160/initiation-of-antidumping-and-countervailing-duty-administrative-reviews","https://www.tyllus.com/en/resources/us-import-evidence-change-radar/2026-20160"
"2026-20159","2026-10-01","Notice","International Trade Administration","Antidumping or Countervailing Duty Order, Finding, or Suspended Investigation; Advance Notification of Sunset Review","","","","classification-duties | enforcement-admissibility","antidumping | countervailing duty | duty | investigation","https://www.federalregister.gov/documents/2026/10/01/2026-20159/antidumping-or-countervailing-duty-order-finding-or-suspended-investigation-advance-notification-of","https://www.tyllus.com/en/resources/us-import-evidence-change-radar/2026-20159"
"2026-20139","2026-10-01","Notice","International Trade Commission","Aluminum Foil From Armenia, Brazil, Oman, Russia, and Turkey; Institution of Five-Year Reviews","2026-11-02","","Investigation Nos. 701-TA-658-659 and 731-TA-1538-1542 (Review)","classification-duties","antidumping | countervailing duty | tariff | duty","https://www.federalregister.gov/documents/2026/10/01/2026-20139/aluminum-foil-from-armenia-brazil-oman-russia-and-turkey-institution-of-five-year-reviews","https://www.tyllus.com/en/resources/us-import-evidence-change-radar/2026-20139"
"2026-20138","2026-10-01","Notice","International Trade Commission","Alloy Magnesium From China; Institution of a Five-Year Review","2026-11-02","","Investigation No. 731-TA-1071 (Fourth Review)","classification-duties","antidumping | tariff | duty","https://www.federalregister.gov/documents/2026/10/01/2026-20138/alloy-magnesium-from-china-institution-of-a-five-year-review","https://www.tyllus.com/en/resources/us-import-evidence-change-radar/2026-20138"
"2026-20137","2026-10-01","Notice","International Trade Commission","Certain Tissue Paper Products From China; Institution of a Five-Year Review","2026-11-02","","Investigation No. 731-TA-1070B (Fourth Review)","classification-duties","antidumping | tariff | duty","https://www.federalregister.gov/documents/2026/10/01/2026-20137/certain-tissue-paper-products-from-china-institution-of-a-five-year-review","https://www.tyllus.com/en/resources/us-import-evidence-change-radar/2026-20137"
"2026-20136","2026-10-01","Notice","International Trade Commission","Thermal Paper From Germany, Japan, South Korea, and Spain; Institution of Five-Year Reviews","2026-11-02","","Investigation Nos. 731-TA-1546-1549 (Review)","classification-duties","antidumping | tariff | duty","https://www.federalregister.gov/documents/2026/10/01/2026-20136/thermal-paper-from-germany-japan-south-korea-and-spain-institution-of-five-year-reviews","https://www.tyllus.com/en/resources/us-import-evidence-change-radar/2026-20136"
"2026-20081","2026-10-01","Notice","International Trade Commission","Notice of Receipt of Complaint; Solicitation of Comments Relating to the Public Interest","","","","systems-filing","filing","https://www.federalregister.gov/documents/2026/10/01/2026-20081/notice-of-receipt-of-complaint-solicitation-of-comments-relating-to-the-public-interest","https://www.tyllus.com/en/resources/us-import-evidence-change-radar/2026-20081"
"2026-20041","2026-09-30","Notice","International Trade Administration","Certain Cut-to-Length Carbon Steel Plate From Ukraine: Final Results of the Expedited Fifth Sunset Review of the Agreement Suspending the Antidumping Investigation","","","A-823-808","classification-duties | enforcement-admissibility","antidumping | duty | investigation","https://www.federalregister.gov/documents/2026/09/30/2026-20041/certain-cut-to-length-carbon-steel-plate-from-ukraine-final-results-of-the-expedited-fifth-sunset","https://www.tyllus.com/en/resources/us-import-evidence-change-radar/2026-20041"
"2026-20031","2026-09-30","Notice","International Trade Administration","Large Diameter Graphite Electrodes From India: Preliminary Affirmative Determination of Sales at Less-Than-Fair-Value, Preliminary Affirmative Determination of Critical Circumstances, Postponement of Final Determination, and Extension of Provisional Measures","","","A-533-948","enforcement-admissibility","investigation","https://www.federalregister.gov/documents/2026/09/30/2026-20031/large-diameter-graphite-electrodes-from-india-preliminary-affirmative-determination-of-sales-at","https://www.tyllus.com/en/resources/us-import-evidence-change-radar/2026-20031"
"2026-20030","2026-09-30","Notice","International Trade Administration","Large Diameter Graphite Electrodes From the People's Republic of China: Preliminary Affirmative Determination of Sales at Less Than Fair Value and Preliminary Affirmative Determination of Critical Circumstances","","","A-570-220","enforcement-admissibility","investigation","https://www.federalregister.gov/documents/2026/09/30/2026-20030/large-diameter-graphite-electrodes-from-the-peoples-republic-of-china-preliminary-affirmative","https://www.tyllus.com/en/resources/us-import-evidence-change-radar/2026-20030"
"2026-20024","2026-09-30","Notice","International Trade Administration","Utility Scale Wind Towers From the Republic of Korea: Preliminary Results and Rescission, in Part of Antidumping Duty Administrative Review; 2024-2025","","","A-580-902","classification-duties","antidumping | duty","https://www.federalregister.gov/documents/2026/09/30/2026-20024/utility-scale-wind-towers-from-the-republic-of-korea-preliminary-results-and-rescission-in-part-of","https://www.tyllus.com/en/resources/us-import-evidence-change-radar/2026-20024"
"2026-19932","2026-09-30","Notice","International Trade Administration","Welded Line Pipe From the Republic of Korea: Notice of Court Decision Not in Harmony With the Less-Than-Fair-Value Amended Final Determination; Notice of Amended Final Determination and Notice of Amended Antidumping Duty Order","","","A-580-876","party-identity | classification-duties | enforcement-admissibility","exporter | antidumping | duty | investigation","https://www.federalregister.gov/documents/2026/09/30/2026-19932/welded-line-pipe-from-the-republic-of-korea-notice-of-court-decision-not-in-harmony-with-the","https://www.tyllus.com/en/resources/us-import-evidence-change-radar/2026-19932"
"2026-19931","2026-09-30","Notice","International Trade Administration","Passenger Vehicle and Light Truck Tires From the Republic of Korea, Taiwan, and Thailand: Final Results of the Expedited First Sunset Reviews of the Antidumping Duty Orders","","","A-580-908, A-583-869, A-549-842","classification-duties","antidumping | duty","https://www.federalregister.gov/documents/2026/09/30/2026-19931/passenger-vehicle-and-light-truck-tires-from-the-republic-of-korea-taiwan-and-thailand-final-results","https://www.tyllus.com/en/resources/us-import-evidence-change-radar/2026-19931"
"2026-19930","2026-09-30","Notice","International Trade Administration","Light-Walled Rectangular Pipe and Tube From Mexico: Notice of Court Decision Not in Harmony With the Results of Antidumping Duty Administrative Review; Notice of Amended Final Results","","","A-201-836","classification-duties","antidumping | duty","https://www.federalregister.gov/documents/2026/09/30/2026-19930/light-walled-rectangular-pipe-and-tube-from-mexico-notice-of-court-decision-not-in-harmony-with-the","https://www.tyllus.com/en/resources/us-import-evidence-change-radar/2026-19930"
"2026-19926","2026-09-29","Notice","U.S. Customs and Border Protection","Accreditation and Approval of Laboratory Services, Inc. (Kemah, TX) as a Commercial Gauger and Laboratory","","","","","","https://www.federalregister.gov/documents/2026/09/29/2026-19926/accreditation-and-approval-of-laboratory-services-inc-kemah-tx-as-a-commercial-gauger-and-laboratory","https://www.tyllus.com/en/resources/us-import-evidence-change-radar/2026-19926"
"2026-19925","2026-09-29","Notice","U.S. Customs and Border Protection","Accreditation and Approval of Intertek USA, Inc. (Chelsea, MA), as a Commercial Gauger and Laboratory","","","","","","https://www.federalregister.gov/documents/2026/09/29/2026-19925/accreditation-and-approval-of-intertek-usa-inc-chelsea-ma-as-a-commercial-gauger-and-laboratory","https://www.tyllus.com/en/resources/us-import-evidence-change-radar/2026-19925"
"2026-19924","2026-09-29","Notice","U.S. Customs and Border Protection","Accreditation and Approval of Intertek USA, Inc. (Carteret, NJ), as a Commercial Gauger and Laboratory","","","","","","https://www.federalregister.gov/documents/2026/09/29/2026-19924/accreditation-and-approval-of-intertek-usa-inc-carteret-nj-as-a-commercial-gauger-and-laboratory","https://www.tyllus.com/en/resources/us-import-evidence-change-radar/2026-19924"
"2026-19914","2026-09-29","Notice","International Trade Commission","Methionine From France, Japan, and Spain; Notice of Commission Determination To Conduct Full Five-Year Reviews","","","Investigation Nos. 731-TA-1534-1536 (Review)","classification-duties","antidumping | tariff | duty","https://www.federalregister.gov/documents/2026/09/29/2026-19914/methionine-from-france-japan-and-spain-notice-of-commission-determination-to-conduct-full-five-year","https://www.tyllus.com/en/resources/us-import-evidence-change-radar/2026-19914"
"2026-19879","2026-09-29","Notice","International Trade Commission","Oil Country Tubular Goods From India, South Korea, Turkey, Ukraine, and Vietnam; Determinations","","","Investigation 701-TA-499-500 and 731-TA-1215-1216, 1221-1223 (Second Review)","classification-duties","trade-remedy determination","https://www.federalregister.gov/documents/2026/09/29/2026-19879/oil-country-tubular-goods-from-india-south-korea-turkey-ukraine-and-vietnam-determinations","https://www.tyllus.com/en/resources/us-import-evidence-change-radar/2026-19879"
"2026-19875","2026-09-29","Notice","International Trade Commission","Wooden Fence Pickets From China; Institution of Antidumping and Countervailing Duty Investigations and Scheduling of Preliminary Phase Investigations","","","Investigation Nos. 701-TA-807 and 731-TA-1808 (Preliminary)","classification-duties | enforcement-admissibility","antidumping | countervailing duty | tariff | duty | investigation","https://www.federalregister.gov/documents/2026/09/29/2026-19875/wooden-fence-pickets-from-china-institution-of-antidumping-and-countervailing-duty-investigations","https://www.tyllus.com/en/resources/us-import-evidence-change-radar/2026-19875"
"2026-19852","2026-09-29","Notice","International Trade Commission","Boltless Steel Shelving Units Prepackaged for Sale From China; Determinations","","","Investigation Nos. 701-TA-523 and 731-TA-1259 (Second Review)","classification-duties","trade-remedy determination","https://www.federalregister.gov/documents/2026/09/29/2026-19852/boltless-steel-shelving-units-prepackaged-for-sale-from-china-determinations","https://www.tyllus.com/en/resources/us-import-evidence-change-radar/2026-19852"
"2026-19811","2026-09-28","Notice","International Trade Commission","Tin Mill Products From China, Taiwan, and Turkey; Scheduling of the Final Phase of Countervailing Duty and Antidumping Duty Investigations","","","Investigation Nos. 701-TA-792 and 731-TA-1786-1788 (Final)","classification-duties | enforcement-admissibility","antidumping | countervailing duty | tariff | duty | investigation","https://www.federalregister.gov/documents/2026/09/28/2026-19811/tin-mill-products-from-china-taiwan-and-turkey-scheduling-of-the-final-phase-of-countervailing-duty","https://www.tyllus.com/en/resources/us-import-evidence-change-radar/2026-19811"
"2026-19779","2026-09-28","Notice","International Trade Administration","Certain Frozen Warmwater Shrimp From India: Rescission of Antidumping Duty Administrative Review, In Part; 2025-2026","","","A-533-840","classification-duties","antidumping | duty","https://www.federalregister.gov/documents/2026/09/28/2026-19779/certain-frozen-warmwater-shrimp-from-india-rescission-of-antidumping-duty-administrative-review-in","https://www.tyllus.com/en/resources/us-import-evidence-change-radar/2026-19779"
"2026-19628","2026-09-25","Notice","International Trade Commission","Passenger Vehicle and Light Truck Tires From South Korea, Taiwan, Thailand, and Vietnam; Notice of Commission Determination To Conduct Full Five-Year Reviews","","","Investigation Nos. 701-TA-647 and 731-TA-1517-1519 (Review)","classification-duties","antidumping | countervailing duty | tariff | duty","https://www.federalregister.gov/documents/2026/09/25/2026-19628/passenger-vehicle-and-light-truck-tires-from-south-korea-taiwan-thailand-and-vietnam-notice-of","https://www.tyllus.com/en/resources/us-import-evidence-change-radar/2026-19628"
"2026-19626","2026-09-25","Notice","International Trade Administration","Large Diameter Welded Pipe From the Republic of Türkiye: Final Results of Antidumping Duty Administrative Review; 2024-2025","","","A-489-833","classification-duties","antidumping | duty","https://www.federalregister.gov/documents/2026/09/25/2026-19626/large-diameter-welded-pipe-from-the-republic-of-trkiye-final-results-of-antidumping-duty","https://www.tyllus.com/en/resources/us-import-evidence-change-radar/2026-19626"
"2026-19625","2026-09-25","Notice","International Trade Administration","Certain Superabsorbent Polymers From the Republic of Korea: Final Results of Antidumping Duty Administrative Review; 2023-2024","","","A-580-914","classification-duties","antidumping | duty","https://www.federalregister.gov/documents/2026/09/25/2026-19625/certain-superabsorbent-polymers-from-the-republic-of-korea-final-results-of-antidumping-duty","https://www.tyllus.com/en/resources/us-import-evidence-change-radar/2026-19625"
"2026-19545","2026-09-24","Notice","International Trade Commission","Certain Glass Substrates for Liquid Crystal Displays, Products Containing the Same, and Methods for Manufacturing the Same; Notice of a Commission Determination to Review in Part a Final Initial Determination Finding a Violation of Section 337; Request for Written Submissions on the Issues Under Review and on Remedy, the Public Interest, and Bonding","","","Investigation No. 337-TA-1433","enforcement-admissibility","investigation","https://www.federalregister.gov/documents/2026/09/24/2026-19545/certain-glass-substrates-for-liquid-crystal-displays-products-containing-the-same-and-methods-for","https://www.tyllus.com/en/resources/us-import-evidence-change-radar/2026-19545"
"2026-19544","2026-09-24","Notice","International Trade Commission","Certain Flash-Spun Nonwoven Materials and Products Containing Same; Notice of Commission Determination To Review in Part a Final Initial Determination Finding a Violation of Section 337; Request for Written Submissions on Remedy, the Public Interest, and Bonding","","","Investigation No. 337-TA-1424","classification-duties","tariff","https://www.federalregister.gov/documents/2026/09/24/2026-19544/certain-flash-spun-nonwoven-materials-and-products-containing-same-notice-of-commission","https://www.tyllus.com/en/resources/us-import-evidence-change-radar/2026-19544"
"2026-19530","2026-09-24","Notice","International Trade Administration","Tris(hydroxymethyl)aminomethane From the People's Republic of China: Preliminary Affirmative Countervailing Duty Determination, Preliminary Affirmative Determination of Critical Circumstances, in Part, and Alignment of Final Determination With Final Antidumping Duty Determination","","","C-570-231","party-identity | classification-duties | enforcement-admissibility","exporter | antidumping | countervailing duty | duty | investigation","https://www.federalregister.gov/documents/2026/09/24/2026-19530/trishydroxymethylaminomethane-from-the-peoples-republic-of-china-preliminary-affirmative","https://www.tyllus.com/en/resources/us-import-evidence-change-radar/2026-19530"
"2026-19529","2026-09-24","Notice","International Trade Administration","Certain Oil Country Tubular Goods From the Republic of Korea: Final Results of Antidumping Duty Administrative Review; 2023-2024","","","A-580-870","classification-duties","antidumping | duty","https://www.federalregister.gov/documents/2026/09/24/2026-19529/certain-oil-country-tubular-goods-from-the-republic-of-korea-final-results-of-antidumping-duty","https://www.tyllus.com/en/resources/us-import-evidence-change-radar/2026-19529"
"2026-19522","2026-09-24","Notice","International Trade Administration","Certain Freight Rail Couplers and Parts Thereof From India: Final Affirmative Countervailing Duty Determination","","","C-533-941","party-identity | classification-duties | enforcement-admissibility","exporter | countervailing duty | duty | investigation","https://www.federalregister.gov/documents/2026/09/24/2026-19522/certain-freight-rail-couplers-and-parts-thereof-from-india-final-affirmative-countervailing-duty","https://www.tyllus.com/en/resources/us-import-evidence-change-radar/2026-19522"
"2026-19521","2026-09-24","Notice","International Trade Administration","Certain Freight Rail Couplers and Parts Thereof From India: Final Affirmative Determination of Sales at Less Than Fair Value","","","A-533-940","enforcement-admissibility","investigation","https://www.federalregister.gov/documents/2026/09/24/2026-19521/certain-freight-rail-couplers-and-parts-thereof-from-india-final-affirmative-determination-of-sales","https://www.tyllus.com/en/resources/us-import-evidence-change-radar/2026-19521"
"2026-19520","2026-09-24","Notice","International Trade Administration","Certain Freight Rail Couplers and Parts Thereof From the Czech Republic: Final Affirmative Determination of Sales at Less Than Fair Value","","","A-851-806","enforcement-admissibility","investigation","https://www.federalregister.gov/documents/2026/09/24/2026-19520/certain-freight-rail-couplers-and-parts-thereof-from-the-czech-republic-final-affirmative","https://www.tyllus.com/en/resources/us-import-evidence-change-radar/2026-19520"
"2026-19519","2026-09-24","Notice","International Trade Administration","Certain Vertical Shaft Engines Between 99cc and 225cc, and Parts Thereof, From the People's Republic of China: Affirmative Final Determinations of Circumvention of the Antidumping and Countervailing Duty Orders-5C65M0 and BC70M0 Engines","","","A-570-124, C-570-125","classification-duties","antidumping | countervailing duty | duty","https://www.federalregister.gov/documents/2026/09/24/2026-19519/certain-vertical-shaft-engines-between-99cc-and-225cc-and-parts-thereof-from-the-peoples-republic-of","https://www.tyllus.com/en/resources/us-import-evidence-change-radar/2026-19519"
"2026-19518","2026-09-24","Notice","International Trade Administration","Large Diameter Graphite Electrodes From the People's Republic of China: Preliminary Affirmative Critical Circumstances Determination in Countervailing Duty Investigation","","","C-570-221","classification-duties | enforcement-admissibility","countervailing duty | duty | investigation","https://www.federalregister.gov/documents/2026/09/24/2026-19518/large-diameter-graphite-electrodes-from-the-peoples-republic-of-china-preliminary-affirmative","https://www.tyllus.com/en/resources/us-import-evidence-change-radar/2026-19518"
"2026-19517","2026-09-24","Notice","International Trade Administration","N-Cyclohexylbenzothiazole-2-Sulfenamide From the People's Republic of China: Postponement of Preliminary Determination in the Less-Than-Fair-Value Investigation","","","A-570-234","enforcement-admissibility","investigation","https://www.federalregister.gov/documents/2026/09/24/2026-19517/n-cyclohexylbenzothiazole-2-sulfenamide-from-the-peoples-republic-of-china-postponement-of","https://www.tyllus.com/en/resources/us-import-evidence-change-radar/2026-19517"
"2026-19516","2026-09-24","Notice","International Trade Administration","Common Alloy Aluminum Sheet From the People's Republic of China, Bahrain, Brazil, Croatia, Egypt, Germany, India, Indonesia, Italy, Oman, Romania, Serbia, Slovenia, South Africa, Spain, Taiwan, and the Republic of Türkiye: Final Results of Changed Circumstances Reviews and Revocation of the Antidumping and Countervailing Duty Orders, in Part","","","A-570-073 | C-570-074 | A-525-001 | C-525-002 | A-351-854 | A-891-001 | A-729-803 | A-428-849 | A-533-895 | C-533-896 | A-560-835 | A-475-842 | A-523-814 | A-485-809 | A-801-001 | A-856-001 | A-791-825 | A-469-820 | A-583-867 | A-489-839 | C-489-840","classification-duties","antidumping | countervailing duty | duty","https://www.federalregister.gov/documents/2026/09/24/2026-19516/common-alloy-aluminum-sheet-from-the-peoples-republic-of-china-bahrain-brazil-croatia-egypt-germany","https://www.tyllus.com/en/resources/us-import-evidence-change-radar/2026-19516"
"2026-19492","2026-09-24","Notice","International Trade Commission","Perfluoroalkoxy Alkane From India; Determinations","","","Investigation Nos. 701-TA-805 and 731-TA-1804 (Preliminary)","classification-duties","trade-remedy determination","https://www.federalregister.gov/documents/2026/09/24/2026-19492/perfluoroalkoxy-alkane-from-india-determinations","https://www.tyllus.com/en/resources/us-import-evidence-change-radar/2026-19492"
"2026-19491","2026-09-24","Notice","International Trade Commission","Notice of Receipt of Complaint; Solicitation of Comments Relating to the Public Interest","","","","systems-filing","filing","https://www.federalregister.gov/documents/2026/09/24/2026-19491/notice-of-receipt-of-complaint-solicitation-of-comments-relating-to-the-public-interest","https://www.tyllus.com/en/resources/us-import-evidence-change-radar/2026-19491"
"2026-19436","2026-09-23","Notice","International Trade Commission","Standard Steel Welded Wire Mesh From Mexico; Determinations","","","Investigation Nos. 701-TA-653 and 731-TA-1527 (Review)","classification-duties","trade-remedy determination","https://www.federalregister.gov/documents/2026/09/23/2026-19436/standard-steel-welded-wire-mesh-from-mexico-determinations","https://www.tyllus.com/en/resources/us-import-evidence-change-radar/2026-19436"
"2026-19414","2026-09-23","Notice","U.S. Customs and Border Protection","Electronic Export Manifest for Truck Cargo Test","","","","documents-records | shipment-transport | systems-filing","document | manifest | cargo | port | ACE | filing | automation","https://www.federalregister.gov/documents/2026/09/23/2026-19414/electronic-export-manifest-for-truck-cargo-test","https://www.tyllus.com/en/resources/us-import-evidence-change-radar/2026-19414"
"2026-19401","2026-09-23","Notice","International Trade Commission","Walk-Behind Lawn Mowers From China and Vietnam; Termination of Five-Year Reviews","","","Investigation Nos. 701-TA-648 and 731-TA-1521-1522 (Review)","classification-duties","antidumping | countervailing duty | duty","https://www.federalregister.gov/documents/2026/09/23/2026-19401/walk-behind-lawn-mowers-from-china-and-vietnam-termination-of-five-year-reviews","https://www.tyllus.com/en/resources/us-import-evidence-change-radar/2026-19401"
"2026-19399","2026-09-23","Notice","Trade Representative, Office of United States","Fiscal Year 2027 Tariff-Rate Quota Allocations for Raw Cane Sugar","","","","classification-duties | cost-impact","tariff | rate","https://www.federalregister.gov/documents/2026/09/23/2026-19399/fiscal-year-2027-tariff-rate-quota-allocations-for-raw-cane-sugar","https://www.tyllus.com/en/resources/us-import-evidence-change-radar/2026-19399"
"2026-19382","2026-09-22","Notice","International Trade Administration","Forged Steel Fluid End Blocks From Italy: Final Results of Countervailing Duty Administrative Review; 2024","","","C-475-841","party-identity | classification-duties","exporter | countervailing duty | duty","https://www.federalregister.gov/documents/2026/09/22/2026-19382/forged-steel-fluid-end-blocks-from-italy-final-results-of-countervailing-duty-administrative-review","https://www.tyllus.com/en/resources/us-import-evidence-change-radar/2026-19382"
"2026-19379","2026-09-22","Notice","International Trade Administration","Certain Fatty Acids From Malaysia: Preliminary Affirmative Determination of Sales at Less Than Fair Value, Postponement of Final Determination, and Extension of Provisional Measures","","","A-557-834","enforcement-admissibility","investigation","https://www.federalregister.gov/documents/2026/09/22/2026-19379/certain-fatty-acids-from-malaysia-preliminary-affirmative-determination-of-sales-at-less-than-fair","https://www.tyllus.com/en/resources/us-import-evidence-change-radar/2026-19379"
"2026-19378","2026-09-22","Notice","International Trade Administration","Certain Fatty Acids From Indonesia: Preliminary Affirmative Determination of Sales at Less Than Fair Value, Preliminary Affirmative Determination of Critical Circumstances, in Part, Postponement of Final Determination, and Extension of Provisional Measures","","","A-560-848","enforcement-admissibility","investigation","https://www.federalregister.gov/documents/2026/09/22/2026-19378/certain-fatty-acids-from-indonesia-preliminary-affirmative-determination-of-sales-at-less-than-fair","https://www.tyllus.com/en/resources/us-import-evidence-change-radar/2026-19378"
"2026-19377","2026-09-22","Notice","International Trade Administration","Large Diameter Welded Pipe From Canada: Preliminary Results of Changed Circumstances Review","","","A-122-863","classification-duties","antidumping","https://www.federalregister.gov/documents/2026/09/22/2026-19377/large-diameter-welded-pipe-from-canada-preliminary-results-of-changed-circumstances-review","https://www.tyllus.com/en/resources/us-import-evidence-change-radar/2026-19377"
"2026-19376","2026-09-22","Notice","International Trade Administration","Steel Wire Garment Hangers From the People's Republic of China and the Socialist Republic of Vietnam: Preliminary Affirmative Determination of Circumvention of the Antidumping Duty Order on Steel Wire Garment Hangers From the People's Republic of China and the Antidumping and Countervailing Duty Orders on Steel Wire Garment Hangers From the Socialist Republic of Vietnam","","","A-570-918 | A-552-812 | C-552-813","classification-duties","antidumping | countervailing duty | duty","https://www.federalregister.gov/documents/2026/09/22/2026-19376/steel-wire-garment-hangers-from-the-peoples-republic-of-china-and-the-socialist-republic-of-vietnam","https://www.tyllus.com/en/resources/us-import-evidence-change-radar/2026-19376"
"2026-19373","2026-09-22","Notice","International Trade Administration","Certain Frozen Fish Fillets From the Socialist Republic of Vietnam: Notice of Court Decision Not in Harmony With the Final Results of Antidumping Administrative Review; and Notice of Amended Final Results","","","A-552-801","classification-duties | cost-impact","antidumping | duty | rate","https://www.federalregister.gov/documents/2026/09/22/2026-19373/certain-frozen-fish-fillets-from-the-socialist-republic-of-vietnam-notice-of-court-decision-not-in","https://www.tyllus.com/en/resources/us-import-evidence-change-radar/2026-19373"
"2026-19372","2026-09-22","Notice","International Trade Administration","Certain Brake Drums From the People's Republic of China: Preliminary Affirmative Determination of Circumvention of the Antidumping Duty and Countervailing Duty Orders","","","A-570-174, C-570-175","classification-duties","antidumping | countervailing duty | duty","https://www.federalregister.gov/documents/2026/09/22/2026-19372/certain-brake-drums-from-the-peoples-republic-of-china-preliminary-affirmative-determination-of","https://www.tyllus.com/en/resources/us-import-evidence-change-radar/2026-19372"
"2026-19292","2026-09-22","Notice","U.S. Customs and Border Protection","Quarterly IRS Interest Rates Used in Calculating Interest on Overdue Accounts and Refunds of Customs Duties","","","","classification-duties | cost-impact","duty | rate","https://www.federalregister.gov/documents/2026/09/22/2026-19292/quarterly-irs-interest-rates-used-in-calculating-interest-on-overdue-accounts-and-refunds-of-customs","https://www.tyllus.com/en/resources/us-import-evidence-change-radar/2026-19292"
"2026-19274","2026-09-21","Notice","International Trade Administration","Tin Mill Products From the People's Republic of China: Preliminary Affirmative Determination of Sales at Less Than Fair Value, Preliminary Affirmative Determination of Critical Circumstances and Extension of Provisional Measures","","","A-570-228","enforcement-admissibility","investigation","https://www.federalregister.gov/documents/2026/09/21/2026-19274/tin-mill-products-from-the-peoples-republic-of-china-preliminary-affirmative-determination-of-sales","https://www.tyllus.com/en/resources/us-import-evidence-change-radar/2026-19274"
"2026-19272","2026-09-21","Notice","International Trade Administration","Heavy Walled Rectangular Welded Carbon Steel Pipes and Tubes From the Republic of Korea: Final Results of the Antidumping Duty Administrative Review; 2023-2024","","","A-580-880","classification-duties","antidumping | duty","https://www.federalregister.gov/documents/2026/09/21/2026-19272/heavy-walled-rectangular-welded-carbon-steel-pipes-and-tubes-from-the-republic-of-korea-final","https://www.tyllus.com/en/resources/us-import-evidence-change-radar/2026-19272"
"2026-19262","2026-09-21","Notice","International Trade Administration","Tapered Roller Bearings and Parts Thereof, Finished and Unfinished, From the People's Republic of China: Final Results of Antidumping Duty Administrative Review; 2024-2025","","","A-570-601","classification-duties | cost-impact","antidumping | duty | rate","https://www.federalregister.gov/documents/2026/09/21/2026-19262/tapered-roller-bearings-and-parts-thereof-finished-and-unfinished-from-the-peoples-republic-of-china","https://www.tyllus.com/en/resources/us-import-evidence-change-radar/2026-19262"
"2026-19110","2026-09-18","Notice","International Trade Administration","Polyvinyl Alcohol From Japan and the People's Republic of China: Continuation of Antidumping Duty Orders","","","A-588-861, A-570-879","classification-duties","antidumping | duty","https://www.federalregister.gov/documents/2026/09/18/2026-19110/polyvinyl-alcohol-from-japan-and-the-peoples-republic-of-china-continuation-of-antidumping-duty","https://www.tyllus.com/en/resources/us-import-evidence-change-radar/2026-19110"
"2026-19109","2026-09-18","Notice","International Trade Administration","Difluoromethane (R-32) From the People's Republic of China: Rescission of Antidumping Duty Administrative Review; 2025-2026","","","A-570-121","classification-duties","antidumping | duty","https://www.federalregister.gov/documents/2026/09/18/2026-19109/difluoromethane-r-32-from-the-peoples-republic-of-china-rescission-of-antidumping-duty","https://www.tyllus.com/en/resources/us-import-evidence-change-radar/2026-19109"
"2026-19107","2026-09-18","Notice","International Trade Administration","Carbon and Alloy Steel Wire Rod From Algeria: Final Affirmative Countervailing Duty Determination and Countervailing Duty Order","","","C-721-003","party-identity | classification-duties | enforcement-admissibility","exporter | countervailing duty | duty | investigation","https://www.federalregister.gov/documents/2026/09/18/2026-19107/carbon-and-alloy-steel-wire-rod-from-algeria-final-affirmative-countervailing-duty-determination-and","https://www.tyllus.com/en/resources/us-import-evidence-change-radar/2026-19107"
"2026-19103","2026-09-18","Notice","International Trade Administration","Steel Concrete Reinforcing Bar From the Socialist Republic of Vietnam and Egypt: Countervailing Duty Orders","","","C-552-854, C-729-806","classification-duties","countervailing duty | duty","https://www.federalregister.gov/documents/2026/09/18/2026-19103/steel-concrete-reinforcing-bar-from-the-socialist-republic-of-vietnam-and-egypt-countervailing-duty","https://www.tyllus.com/en/resources/us-import-evidence-change-radar/2026-19103"
"2026-19102","2026-09-18","Notice","International Trade Administration","Steel Concrete Reinforcing Bar From Bulgaria, Egypt, and the Socialist Republic of Vietnam: Antidumping Duty Orders","","","A-487-002, A-729-805, A-552-853","classification-duties","antidumping | duty","https://www.federalregister.gov/documents/2026/09/18/2026-19102/steel-concrete-reinforcing-bar-from-bulgaria-egypt-and-the-socialist-republic-of-vietnam-antidumping","https://www.tyllus.com/en/resources/us-import-evidence-change-radar/2026-19102"
"2026-19091","2026-09-17","Notice","International Trade Administration","Oil Country Tubular Goods From the Socialist Republic of Vietnam: Final Results of Antidumping Duty Administrative Review; 2023-2024","","","A-552-817","classification-duties","antidumping | duty","https://www.federalregister.gov/documents/2026/09/17/2026-19091/oil-country-tubular-goods-from-the-socialist-republic-of-vietnam-final-results-of-antidumping-duty","https://www.tyllus.com/en/resources/us-import-evidence-change-radar/2026-19091"
"2026-18947","2026-09-16","Notice","International Trade Administration","Crystalline Silicon Photovoltaic Cells, Whether or Not Assembled Into Modules, From India: Final Affirmative Countervailing Duty Determination and the Final Affirmative Critical Circumstances Determination, in Part","","","C-533-943","party-identity | classification-duties | enforcement-admissibility","exporter | countervailing duty | duty | investigation","https://www.federalregister.gov/documents/2026/09/16/2026-18947/crystalline-silicon-photovoltaic-cells-whether-or-not-assembled-into-modules-from-india-final","https://www.tyllus.com/en/resources/us-import-evidence-change-radar/2026-18947"
"2026-18945","2026-09-16","Notice","International Trade Administration","Crystalline Silicon Photovoltaic Cells, Whether or Not Assembled Into Modules From India: Final Affirmative Determination of Sales at Less Than Fair Value, and Final Affirmative Determination of Critical Circumstances, In Part","","","A-533-942","enforcement-admissibility","investigation","https://www.federalregister.gov/documents/2026/09/16/2026-18945/crystalline-silicon-photovoltaic-cells-whether-or-not-assembled-into-modules-from-india-final","https://www.tyllus.com/en/resources/us-import-evidence-change-radar/2026-18945"
"2026-18942","2026-09-16","Notice","International Trade Administration","Crystalline Silicon Photovoltaic Cells, Whether or Not Assembled Into Modules From the Lao People's Democratic Republic: Final Affirmative Countervailing Duty Determination and Final Affirmative Determination of Critical Circumstances, in Part","","","C-553-004","party-identity | classification-duties | enforcement-admissibility","exporter | countervailing duty | duty | investigation","https://www.federalregister.gov/documents/2026/09/16/2026-18942/crystalline-silicon-photovoltaic-cells-whether-or-not-assembled-into-modules-from-the-lao-peoples","https://www.tyllus.com/en/resources/us-import-evidence-change-radar/2026-18942"
"2026-18941","2026-09-16","Notice","International Trade Administration","Crystalline Silicon Photovoltaic Cells, Whether or Not Assembled Into Modules, From the Lao People's Democratic Republic: Final Affirmative Determination of Sales at Less Than Fair Value and Final Affirmative Determination of Critical Circumstances, in Part","","","A-553-003","enforcement-admissibility","investigation","https://www.federalregister.gov/documents/2026/09/16/2026-18941/crystalline-silicon-photovoltaic-cells-whether-or-not-assembled-into-modules-from-the-lao-peoples","https://www.tyllus.com/en/resources/us-import-evidence-change-radar/2026-18941"
"2026-18940","2026-09-16","Notice","International Trade Administration","Crystalline Silicon Photovoltaic Cells, Whether or Not Assembled Into Modules From Indonesia: Final Affirmative Countervailing Duty Determination and Final Affirmative Determination of Critical Circumstances, in Part","","","C-560-847","party-identity | classification-duties | enforcement-admissibility","exporter | countervailing duty | duty | investigation","https://www.federalregister.gov/documents/2026/09/16/2026-18940/crystalline-silicon-photovoltaic-cells-whether-or-not-assembled-into-modules-from-indonesia-final","https://www.tyllus.com/en/resources/us-import-evidence-change-radar/2026-18940"
"2026-18939","2026-09-16","Notice","International Trade Administration","Crystalline Silicon Photovoltaic Cells, Whether or Not Assembled Into Modules, From Indonesia: Final Affirmative Determination of Sales at Less Than Fair Value and Final Affirmative Determination of Critical Circumstances","","","A-560-846","enforcement-admissibility","investigation","https://www.federalregister.gov/documents/2026/09/16/2026-18939/crystalline-silicon-photovoltaic-cells-whether-or-not-assembled-into-modules-from-indonesia-final","https://www.tyllus.com/en/resources/us-import-evidence-change-radar/2026-18939"
"2026-18935","2026-09-16","Notice","International Trade Administration","UChicago Argonne LLC. et al.; Notice of Decision on Application for Duty-Free Entry of Scientific Instruments","","","","classification-duties","duty","https://www.federalregister.gov/documents/2026/09/16/2026-18935/uchicago-argonne-llc-et-al-notice-of-decision-on-application-for-duty-free-entry-of-scientific","https://www.tyllus.com/en/resources/us-import-evidence-change-radar/2026-18935"
"2026-18926","2026-09-16","Notice","International Trade Administration","Sodium Nitrite From India: Final Results and Rescission, in Part, of the Antidumping Duty Administrative Review; 2024-2025","","","A-533-906","party-identity | classification-duties","exporter | antidumping | duty","https://www.federalregister.gov/documents/2026/09/16/2026-18926/sodium-nitrite-from-india-final-results-and-rescission-in-part-of-the-antidumping-duty","https://www.tyllus.com/en/resources/us-import-evidence-change-radar/2026-18926"
"2026-18925","2026-09-16","Notice","International Trade Administration","Chlorinated Isocyanurates From the People's Republic of China: Preliminary Results, and Rescission, in Part of Antidumping Duty Administrative Review; 2024-2025","","","A-570-898","classification-duties","antidumping | duty","https://www.federalregister.gov/documents/2026/09/16/2026-18925/chlorinated-isocyanurates-from-the-peoples-republic-of-china-preliminary-results-and-rescission-in","https://www.tyllus.com/en/resources/us-import-evidence-change-radar/2026-18925"
"2026-18924","2026-09-16","Notice","International Trade Administration","L-lysine From the People's Republic of China: Antidumping Duty Order and Countervailing Duty Order","","","A-570-215, C-570-216","classification-duties","antidumping | countervailing duty | duty","https://www.federalregister.gov/documents/2026/09/16/2026-18924/l-lysine-from-the-peoples-republic-of-china-antidumping-duty-order-and-countervailing-duty-order","https://www.tyllus.com/en/resources/us-import-evidence-change-radar/2026-18924"
"2026-18923","2026-09-16","Notice","International Trade Administration","Utility Scale Wind Towers From the Republic of Korea: Notice of Court Decision Not in Harmony With the Results of 2021-2022 Antidumping Duty Administrative Review; Notice of Amended Final Results","","","A-580-902","classification-duties","antidumping | duty","https://www.federalregister.gov/documents/2026/09/16/2026-18923/utility-scale-wind-towers-from-the-republic-of-korea-notice-of-court-decision-not-in-harmony-with","https://www.tyllus.com/en/resources/us-import-evidence-change-radar/2026-18923"
"2026-18922","2026-09-16","Notice","International Trade Administration","Certain Crystalline Silicon Photovoltaic Products From Taiwan: Final Results of the Antidumping Duty Administrative Review: 2024-2025","","","A-583-853","classification-duties | cost-impact","antidumping | duty | price","https://www.federalregister.gov/documents/2026/09/16/2026-18922/certain-crystalline-silicon-photovoltaic-products-from-taiwan-final-results-of-the-antidumping-duty","https://www.tyllus.com/en/resources/us-import-evidence-change-radar/2026-18922"
"2026-18921","2026-09-16","Notice","International Trade Administration","Certain Cold-Drawn Mechanical Tubing of Carbon and Alloy Steel From Italy: Final Results of Antidumping Duty Administrative Review; 2024-2025","","","A-475-838","classification-duties | cost-impact","antidumping | duty | price","https://www.federalregister.gov/documents/2026/09/16/2026-18921/certain-cold-drawn-mechanical-tubing-of-carbon-and-alloy-steel-from-italy-final-results-of","https://www.tyllus.com/en/resources/us-import-evidence-change-radar/2026-18921"
"2026-18903","2026-09-15","Notice","International Trade Commission","Steel Concrete Reinforcing Bar From Bulgaria, Egypt, and Vietnam; Determinations","","","Investigation Nos. 701-TA-769-770 and 731-TA-1752-1754 (Final)","classification-duties","trade-remedy determination","https://www.federalregister.gov/documents/2026/09/15/2026-18903/steel-concrete-reinforcing-bar-from-bulgaria-egypt-and-vietnam-determinations","https://www.tyllus.com/en/resources/us-import-evidence-change-radar/2026-18903"
"2026-18834","2026-09-15","Notice","U.S. Customs and Border Protection","Accreditation and Approval of Bennett Testing Service, Inc. (Rahway, NJ), as a Commercial Gauger and Laboratory","","","","","","https://www.federalregister.gov/documents/2026/09/15/2026-18834/accreditation-and-approval-of-bennett-testing-service-inc-rahway-nj-as-a-commercial-gauger-and","https://www.tyllus.com/en/resources/us-import-evidence-change-radar/2026-18834"
"2026-18833","2026-09-15","Notice","U.S. Customs and Border Protection","Approval of Saybolt LP (Pittsburgh, PA), as a Commercial Gauger","","","","","","https://www.federalregister.gov/documents/2026/09/15/2026-18833/approval-of-saybolt-lp-pittsburgh-pa-as-a-commercial-gauger","https://www.tyllus.com/en/resources/us-import-evidence-change-radar/2026-18833"
"2026-18832","2026-09-15","Notice","U.S. Customs and Border Protection","Accreditation and Approval of Saybolt LP (Deer Park, TX), as a Commercial Gauger and Laboratory","","","","","","https://www.federalregister.gov/documents/2026/09/15/2026-18832/accreditation-and-approval-of-saybolt-lp-deer-park-tx-as-a-commercial-gauger-and-laboratory","https://www.tyllus.com/en/resources/us-import-evidence-change-radar/2026-18832"
"2026-18792","2026-09-15","Notice","International Trade Administration","Tin Mill Products From the People's Republic of China: Preliminary Affirmative Countervailing Duty Determination, Preliminary Affirmative Critical Circumstances Determination, and Alignment of Final Determination With Final Antidumping Duty Determination","","","C-570-229","party-identity | classification-duties | enforcement-admissibility","exporter | antidumping | countervailing duty | duty | investigation","https://www.federalregister.gov/documents/2026/09/15/2026-18792/tin-mill-products-from-the-peoples-republic-of-china-preliminary-affirmative-countervailing-duty","https://www.tyllus.com/en/resources/us-import-evidence-change-radar/2026-18792"
"2026-18791","2026-09-15","Notice","International Trade Administration","Certain Steel Racks and Parts Thereof From the People's Republic of China: Final Results and Rescission, in Part, of Antidumping Duty Administrative Review; 2023-2024","","","A-570-088","party-identity | classification-duties | cost-impact","exporter | antidumping | duty | rate | price","https://www.federalregister.gov/documents/2026/09/15/2026-18791/certain-steel-racks-and-parts-thereof-from-the-peoples-republic-of-china-final-results-and","https://www.tyllus.com/en/resources/us-import-evidence-change-radar/2026-18791"
"2026-18790","2026-09-15","Notice","International Trade Administration","Silicon Metal From Bosnia and Herzegovina, Iceland, Malaysia, and the Republic of Kazakhstan: Continuation of Antidumping Duty Orders and Countervailing Duty Order","","","A-893-001, A-400-001, A-557-820, C-834-811","classification-duties","antidumping | countervailing duty | duty","https://www.federalregister.gov/documents/2026/09/15/2026-18790/silicon-metal-from-bosnia-and-herzegovina-iceland-malaysia-and-the-republic-of-kazakhstan","https://www.tyllus.com/en/resources/us-import-evidence-change-radar/2026-18790"
"2026-18789","2026-09-15","Notice","International Trade Administration","Certain Oil Country Tubular Goods From the Republic of Türkiye: Preliminary Results of Countervailing Duty Administrative Review; 2024","","","C-489-817","party-identity | classification-duties","exporter | countervailing duty | duty","https://www.federalregister.gov/documents/2026/09/15/2026-18789/certain-oil-country-tubular-goods-from-the-republic-of-trkiye-preliminary-results-of-countervailing","https://www.tyllus.com/en/resources/us-import-evidence-change-radar/2026-18789"
"2026-18788","2026-09-15","Notice","International Trade Administration","Oil Country Tubular Goods From the Republic of Korea: Final Results of Countervailing Duty Administrative Review and Rescission, in Part; 2023","","","C-580-913","party-identity | classification-duties","exporter | countervailing duty | duty","https://www.federalregister.gov/documents/2026/09/15/2026-18788/oil-country-tubular-goods-from-the-republic-of-korea-final-results-of-countervailing-duty","https://www.tyllus.com/en/resources/us-import-evidence-change-radar/2026-18788"
"2026-18787","2026-09-15","Notice","International Trade Administration","Glycine From India: Final Results of Antidumping Duty Administrative Review; 2024-2025","","","A-533-883","party-identity | classification-duties","exporter | antidumping | duty","https://www.federalregister.gov/documents/2026/09/15/2026-18787/glycine-from-india-final-results-of-antidumping-duty-administrative-review-2024-2025","https://www.tyllus.com/en/resources/us-import-evidence-change-radar/2026-18787"
"2026-18786","2026-09-15","Notice","International Trade Administration","Certain Aluminum Foil From the Sultanate of Oman: Final Results of Countervailing Duty Administrative Review; 2023","","","C-523-816","party-identity | classification-duties","exporter | countervailing duty | duty","https://www.federalregister.gov/documents/2026/09/15/2026-18786/certain-aluminum-foil-from-the-sultanate-of-oman-final-results-of-countervailing-duty-administrative","https://www.tyllus.com/en/resources/us-import-evidence-change-radar/2026-18786"
"2026-18723","2026-09-14","Notice","International Trade Commission","Corrugated Pizza Boxes From China, Malaysia, and Turkey; Institution of Antidumping and Countervailing Duty Investigations and Scheduling of Preliminary Phase Investigations","","","Investigation Nos. 701-TA-806 and 731-TA-1805-1807 (Preliminary)","classification-duties | enforcement-admissibility","antidumping | countervailing duty | tariff | duty | investigation","https://www.federalregister.gov/documents/2026/09/14/2026-18723/corrugated-pizza-boxes-from-china-malaysia-and-turkey-institution-of-antidumping-and-countervailing","https://www.tyllus.com/en/resources/us-import-evidence-change-radar/2026-18723"
"2026-18719","2026-09-14","Notice","International Trade Administration","Glycine From India: Preliminary Results and Rescission, in Part, of Countervailing Duty Administrative Review; 2024","","","C-533-884","party-identity | classification-duties","exporter | countervailing duty | duty","https://www.federalregister.gov/documents/2026/09/14/2026-18719/glycine-from-india-preliminary-results-and-rescission-in-part-of-countervailing-duty-administrative","https://www.tyllus.com/en/resources/us-import-evidence-change-radar/2026-18719"
"2026-18718","2026-09-14","Notice","International Trade Administration","Raw Honey From Brazil: Preliminary Results of Antidumping Duty Administrative Review; 2024-2025","","","A-351-857","classification-duties","antidumping | duty","https://www.federalregister.gov/documents/2026/09/14/2026-18718/raw-honey-from-brazil-preliminary-results-of-antidumping-duty-administrative-review-2024-2025","https://www.tyllus.com/en/resources/us-import-evidence-change-radar/2026-18718"
"2026-18707","2026-09-14","Notice","International Trade Administration","Certain Linear Hydraulic Cylinders and Parts Thereof From the People's Republic of China, India, and Mexico: Initiation of Countervailing Duty Investigations","","","C-570-241, C-533-953, C-201-871","classification-duties | enforcement-admissibility","countervailing duty | duty | investigation","https://www.federalregister.gov/documents/2026/09/14/2026-18707/certain-linear-hydraulic-cylinders-and-parts-thereof-from-the-peoples-republic-of-china-india-and","https://www.tyllus.com/en/resources/us-import-evidence-change-radar/2026-18707"
"2026-18706","2026-09-14","Notice","International Trade Administration","Certain Linear Hydraulic Cylinders and Parts Thereof From Canada, the People's Republic of China, India, the Republic of Korea, and Mexico: Initiation of Less-Than-Fair-Value Investigations","","","A-122-879, A-570-240, A-533-952, A-580-923, A-201-870","enforcement-admissibility","investigation","https://www.federalregister.gov/documents/2026/09/14/2026-18706/certain-linear-hydraulic-cylinders-and-parts-thereof-from-canada-the-peoples-republic-of-china-india","https://www.tyllus.com/en/resources/us-import-evidence-change-radar/2026-18706"
"2026-18702","2026-09-14","Notice","International Trade Administration","Raw Honey From the Socialist Republic of Vietnam: Preliminary Results and Rescission, in Part, of Antidumping Duty Administrative Review; 2024-2025","","","A-552-833","party-identity | classification-duties","exporter | antidumping | duty","https://www.federalregister.gov/documents/2026/09/14/2026-18702/raw-honey-from-the-socialist-republic-of-vietnam-preliminary-results-and-rescission-in-part-of","https://www.tyllus.com/en/resources/us-import-evidence-change-radar/2026-18702"
"2026-18701","2026-09-14","Notice","International Trade Administration","Raw Honey From Argentina: Preliminary Results of Antidumping Duty Administrative Review; 2024-2025","","","A-357-823","classification-duties","antidumping | duty","https://www.federalregister.gov/documents/2026/09/14/2026-18701/raw-honey-from-argentina-preliminary-results-of-antidumping-duty-administrative-review-2024-2025","https://www.tyllus.com/en/resources/us-import-evidence-change-radar/2026-18701"
"2026-18700","2026-09-14","Notice","International Trade Administration","Certain Quartz Surface Product From India: Preliminary Results, Intent To Rescind, in Part, and Rescission, in Part of Antidumping Duty Administrative Review; 2024-2025","","","A-533-889","classification-duties","antidumping | duty","https://www.federalregister.gov/documents/2026/09/14/2026-18700/certain-quartz-surface-product-from-india-preliminary-results-intent-to-rescind-in-part-and","https://www.tyllus.com/en/resources/us-import-evidence-change-radar/2026-18700"
"2026-18699","2026-09-14","Notice","International Trade Administration","Methionine From Spain: Final Results of Antidumping Duty Administrative Review; 2023-2024","","","A-469-822","party-identity | classification-duties","exporter | antidumping | duty","https://www.federalregister.gov/documents/2026/09/14/2026-18699/methionine-from-spain-final-results-of-antidumping-duty-administrative-review-2023-2024","https://www.tyllus.com/en/resources/us-import-evidence-change-radar/2026-18699"
"2026-18698","2026-09-14","Notice","International Trade Administration","Glycine From Japan: Preliminary Results and Rescission, in Part, of Antidumping Duty Administrative Review, 2024-2025","","","A-588-878","party-identity | classification-duties","exporter | antidumping | duty","https://www.federalregister.gov/documents/2026/09/14/2026-18698/glycine-from-japan-preliminary-results-and-rescission-in-part-of-antidumping-duty-administrative","https://www.tyllus.com/en/resources/us-import-evidence-change-radar/2026-18698"
"2026-18697","2026-09-14","Notice","International Trade Administration","Frozen Warmwater Shrimp From Ecuador: Amended Final Results of Countervailing Duty Expedited Review","","","C-331-806","classification-duties","countervailing duty | duty","https://www.federalregister.gov/documents/2026/09/14/2026-18697/frozen-warmwater-shrimp-from-ecuador-amended-final-results-of-countervailing-duty-expedited-review","https://www.tyllus.com/en/resources/us-import-evidence-change-radar/2026-18697"
"2026-18696","2026-09-14","Notice","International Trade Administration","Citric Acid and Certain Citrate Salts From Belgium: Preliminary Results of Antidumping Duty Administrative Review; 2024-2025","","","A-423-813","classification-duties | cost-impact","antidumping | duty | price","https://www.federalregister.gov/documents/2026/09/14/2026-18696/citric-acid-and-certain-citrate-salts-from-belgium-preliminary-results-of-antidumping-duty","https://www.tyllus.com/en/resources/us-import-evidence-change-radar/2026-18696"
"2026-18694","2026-09-14","Notice","International Trade Administration","Brass Rod From the Republic of Korea: Preliminary Results of Antidumping Duty Administrative Review; 2023-2025","","","A-580-916","party-identity | classification-duties","exporter | antidumping | duty","https://www.federalregister.gov/documents/2026/09/14/2026-18694/brass-rod-from-the-republic-of-korea-preliminary-results-of-antidumping-duty-administrative-review","https://www.tyllus.com/en/resources/us-import-evidence-change-radar/2026-18694"
"2026-18586","2026-09-11","Notice","International Trade Commission","Citric Acid and Certain Citrate Salts From Canada and India; Scheduling of the Final Phase of Countervailing Duty and Antidumping Duty Investigations","","","Investigation Nos. 701-TA-783-784 and 731-TA-1771-1772 (Final)","classification-duties | enforcement-admissibility","antidumping | countervailing duty | tariff | duty | investigation","https://www.federalregister.gov/documents/2026/09/11/2026-18586/citric-acid-and-certain-citrate-salts-from-canada-and-india-scheduling-of-the-final-phase-of","https://www.tyllus.com/en/resources/us-import-evidence-change-radar/2026-18586"
"2026-18525","2026-09-11","Notice","International Trade Commission","Polyvinyl Alcohol From China and Japan; Determinations","","","Investigation Nos. 731-TA-1014 and 1016 (Fourth Review)","classification-duties","trade-remedy determination","https://www.federalregister.gov/documents/2026/09/11/2026-18525/polyvinyl-alcohol-from-china-and-japan-determinations","https://www.tyllus.com/en/resources/us-import-evidence-change-radar/2026-18525"
"2026-18507","2026-09-10","Notice","International Trade Administration","Prestressed Concrete Steel Wire Strand From Ukraine: Preliminary Results of Antidumping Duty Administrative Review; 2024-2025","","","A-823-817","classification-duties","antidumping | duty","https://www.federalregister.gov/documents/2026/09/10/2026-18507/prestressed-concrete-steel-wire-strand-from-ukraine-preliminary-results-of-antidumping-duty","https://www.tyllus.com/en/resources/us-import-evidence-change-radar/2026-18507"
"2026-18496","2026-09-10","Notice","International Trade Administration","Certain Cased Pencils From the People's Republic of China: Preliminary Results of Antidumping Duty Administrative Review; 2024-2025","","","A-570-827","party-identity | classification-duties","exporter | antidumping | duty","https://www.federalregister.gov/documents/2026/09/10/2026-18496/certain-cased-pencils-from-the-peoples-republic-of-china-preliminary-results-of-antidumping-duty","https://www.tyllus.com/en/resources/us-import-evidence-change-radar/2026-18496"
"2026-18495","2026-09-10","Notice","International Trade Administration","Prestressed Concrete Steel Wire Strand From Malaysia: Preliminary Results and Rescission, in Part, of Antidumping Duty Administrative Review; 2024-2025","","","A-557-819","party-identity | classification-duties","exporter | antidumping | duty","https://www.federalregister.gov/documents/2026/09/10/2026-18495/prestressed-concrete-steel-wire-strand-from-malaysia-preliminary-results-and-rescission-in-part-of","https://www.tyllus.com/en/resources/us-import-evidence-change-radar/2026-18495"
"2026-18491","2026-09-10","Notice","International Trade Administration","Brass Rod From the Republic of Korea: Preliminary Results of Countervailing Duty Administrative Review; 2023-2024","","","C-580-917","party-identity | classification-duties","exporter | countervailing duty | duty","https://www.federalregister.gov/documents/2026/09/10/2026-18491/brass-rod-from-the-republic-of-korea-preliminary-results-of-countervailing-duty-administrative","https://www.tyllus.com/en/resources/us-import-evidence-change-radar/2026-18491"
"2026-18395","2026-09-10","Notice","International Trade Commission","Fresh Winter Strawberries From Mexico; Scheduling of the Final Phase of Antidumping Duty Investigation","","","Investigation No. 731-TA-1770 (Final)","classification-duties | enforcement-admissibility","antidumping | tariff | duty | investigation","https://www.federalregister.gov/documents/2026/09/10/2026-18395/fresh-winter-strawberries-from-mexico-scheduling-of-the-final-phase-of-antidumping-duty","https://www.tyllus.com/en/resources/us-import-evidence-change-radar/2026-18395"
"2026-18367","2026-09-09","Notice","International Trade Commission","Hardwood and Decorative Plywood From China, Indonesia, and Vietnam; Determinations","","","Investigation Nos. 701-TA-764-766 and 731-TA-1747-1749 (Final)","classification-duties","trade-remedy determination","https://www.federalregister.gov/documents/2026/09/09/2026-18367/hardwood-and-decorative-plywood-from-china-indonesia-and-vietnam-determinations","https://www.tyllus.com/en/resources/us-import-evidence-change-radar/2026-18367"
"2026-18249","2026-09-08","Notice","International Trade Administration","Certain Walk-Behind Lawn Mowers and Parts Thereof From the People's Republic of China and the Socialist Republic of Vietnam: Final Results of Sunset Review and Revocation of Orders","","","A-570-129, A-552-830, C-570-130","classification-duties","antidumping | countervailing duty | tariff | duty","https://www.federalregister.gov/documents/2026/09/08/2026-18249/certain-walk-behind-lawn-mowers-and-parts-thereof-from-the-peoples-republic-of-china-and-the","https://www.tyllus.com/en/resources/us-import-evidence-change-radar/2026-18249"
"2026-18184","2026-09-04","Notice","International Trade Administration","Certain Frozen Warmwater Shrimp from India: Final Results of Antidumping Duty Administrative Review; 2024-2025","","","A-533-840","party-identity | classification-duties","exporter | antidumping | duty","https://www.federalregister.gov/documents/2026/09/04/2026-18184/certain-frozen-warmwater-shrimp-from-india-final-results-of-antidumping-duty-administrative-review","https://www.tyllus.com/en/resources/us-import-evidence-change-radar/2026-18184"
"2026-18182","2026-09-04","Notice","International Trade Administration","Narrow Woven Ribbons with Selvedge From Taiwan: Final Results of Antidumping Duty Administrative Review; 2023-2024","","","A-583-844","party-identity | classification-duties","exporter | antidumping | duty","https://www.federalregister.gov/documents/2026/09/04/2026-18182/narrow-woven-ribbons-with-selvedge-from-taiwan-final-results-of-antidumping-duty-administrative","https://www.tyllus.com/en/resources/us-import-evidence-change-radar/2026-18182"
"2026-18089","2026-09-03","Notice","International Trade Administration","Non-Oriented Electrical Steel From Japan: Rescission of Antidumping Duty Administrative Review; 2024-2025","","","A-588-872","classification-duties","antidumping | duty","https://www.federalregister.gov/documents/2026/09/03/2026-18089/non-oriented-electrical-steel-from-japan-rescission-of-antidumping-duty-administrative-review","https://www.tyllus.com/en/resources/us-import-evidence-change-radar/2026-18089"
"2026-18087","2026-09-03","Notice","International Trade Administration","Heavy Walled Rectangular Pipes and Tubes from Mexico: Final Results of Antidumping Duty Administrative Review; 2023-2024","","","A-201-847","classification-duties","antidumping | duty","https://www.federalregister.gov/documents/2026/09/03/2026-18087/heavy-walled-rectangular-pipes-and-tubes-from-mexico-final-results-of-antidumping-duty","https://www.tyllus.com/en/resources/us-import-evidence-change-radar/2026-18087"
"2026-18011","2026-09-03","Notice","International Trade Administration","Hand Trucks and Certain Parts Thereof From the People's Republic of China: Continuation of Antidumping Duty Order","","","A-570-891","classification-duties","antidumping | duty","https://www.federalregister.gov/documents/2026/09/03/2026-18011/hand-trucks-and-certain-parts-thereof-from-the-peoples-republic-of-china-continuation-of-antidumping","https://www.tyllus.com/en/resources/us-import-evidence-change-radar/2026-18011"
"2026-17926","2026-09-02","Proposed Rule","U.S. Customs and Border Protection","Heightened Import Disclosures for Supply Chain Visibility","2026-12-01","","Docket No. USCBP-2026-1058","documents-records | party-identity | origin-traceability | systems-filing | enforcement-admissibility","document | exporter | transshipment | supply chain | traceability | technical solution | illicit import","https://www.federalregister.gov/documents/2026/09/02/2026-17926/heightened-import-disclosures-for-supply-chain-visibility","https://www.tyllus.com/en/resources/us-import-evidence-change-radar/2026-17926"
"2026-17925","2026-09-02","Notice","Trade Representative, Office of United States","Notice of Conforming Amendments to Product Exclusions: China's Acts, Policies, and Practices Related to Technology Transfer, Intellectual Property, and Innovation","","2026-07-01","","classification-duties | enforcement-admissibility","tariff | investigation","https://www.federalregister.gov/documents/2026/09/02/2026-17925/notice-of-conforming-amendments-to-product-exclusions-chinas-acts-policies-and-practices-related-to","https://www.tyllus.com/en/resources/us-import-evidence-change-radar/2026-17925"
"2026-17876","2026-09-01","Rule","Federal Maritime Commission","Charge Complaint Procedures","","2026-09-01","FMC-2026-0331","shipment-transport","carrier | maritime | demurrage | detention","https://www.federalregister.gov/documents/2026/09/01/2026-17876/charge-complaint-procedures","https://www.tyllus.com/en/resources/us-import-evidence-change-radar/2026-17876"
"2026-17862","2026-09-01","Notice","International Trade Commission","Petroleum Wax Candles From China; Institution of a Five-Year Review","2026-10-01","","Investigation No. 731-TA-282 (Sixth Review)","classification-duties","antidumping | tariff | duty","https://www.federalregister.gov/documents/2026/09/01/2026-17862/petroleum-wax-candles-from-china-institution-of-a-five-year-review","https://www.tyllus.com/en/resources/us-import-evidence-change-radar/2026-17862"
"2026-17861","2026-09-01","Notice","International Trade Commission","Polyethylene Retail Carrier Bags From China, Indonesia, Malaysia, Taiwan, Thailand, and Vietnam; Institution of Five-Year Reviews","2026-11-16","","Investigation Nos. 701-TA-462 and 731-TA-1156-1158 (Third Review) and 731-TA-1043-1045 (Fourth Review)","classification-duties | shipment-transport","antidumping | countervailing duty | tariff | duty | carrier","https://www.federalregister.gov/documents/2026/09/01/2026-17861/polyethylene-retail-carrier-bags-from-china-indonesia-malaysia-taiwan-thailand-and-vietnam","https://www.tyllus.com/en/resources/us-import-evidence-change-radar/2026-17861"
"2026-17772","2026-09-01","Notice","International Trade Administration","Light-Walled Rectangular Pipe and Tube From the People's Republic of China, Mexico, the Republic of Korea, and the Republic of Türkiye: Continuation of Antidumping Duty Orders and Countervailing Duty Order","","","A-570-914, A-201-836, A-580-859, A-489-815, C-570-915","classification-duties","antidumping | countervailing duty | duty","https://www.federalregister.gov/documents/2026/09/01/2026-17772/light-walled-rectangular-pipe-and-tube-from-the-peoples-republic-of-china-mexico-the-republic-of","https://www.tyllus.com/en/resources/us-import-evidence-change-radar/2026-17772"
"2026-17768","2026-09-01","Notice","International Trade Administration","Certain Cold-Rolled Steel Flat Products From the Republic of Korea: Final Results of Countervailing Duty Administrative Review; 2023","","","C-580-882","party-identity | classification-duties","exporter | countervailing duty | duty","https://www.federalregister.gov/documents/2026/09/01/2026-17768/certain-cold-rolled-steel-flat-products-from-the-republic-of-korea-final-results-of-countervailing","https://www.tyllus.com/en/resources/us-import-evidence-change-radar/2026-17768"
"2026-17750","2026-08-31","Notice","International Trade Administration","Van-Type Trailers and Subassemblies Thereof From the People's Republic of China: Final Affirmative Determination of Sales at Less Than Fair Value","","","A-570-219","enforcement-admissibility","investigation","https://www.federalregister.gov/documents/2026/08/31/2026-17750/van-type-trailers-and-subassemblies-thereof-from-the-peoples-republic-of-china-final-affirmative","https://www.tyllus.com/en/resources/us-import-evidence-change-radar/2026-17750"
"2026-17735","2026-08-31","Notice","International Trade Administration","Circular Welded Carbon-Quality Steel Pipe From the United Arab Emirates: Notice of Court Decision Not in Harmony With the Results of Antidumping Administrative Review; Notice of Amended Final Results","","","A-520-807","classification-duties","antidumping | duty","https://www.federalregister.gov/documents/2026/08/31/2026-17735/circular-welded-carbon-quality-steel-pipe-from-the-united-arab-emirates-notice-of-court-decision-not","https://www.tyllus.com/en/resources/us-import-evidence-change-radar/2026-17735"
"2026-16911","2026-08-19","Notice","U.S. Customs and Border Protection","Accuracy of Importer of Record Data Submitted to CBP","","","","documents-records | party-identity | enforcement-admissibility","document | recordkeeping | importer | enforcement","https://www.federalregister.gov/documents/2026/08/19/2026-16911/accuracy-of-importer-of-record-data-submitted-to-cbp","https://www.tyllus.com/en/resources/us-import-evidence-change-radar/2026-16911"
"2026-15530","2026-07-31","Notice","U.S. Customs and Border Protection","Customs User Fees To Be Adjusted for Inflation in Fiscal Year 2027","","","CBP Dec. 26-14","documents-records | cost-impact","document | fee","https://www.federalregister.gov/documents/2026/07/31/2026-15530/customs-user-fees-to-be-adjusted-for-inflation-in-fiscal-year-2027","https://www.tyllus.com/en/resources/us-import-evidence-change-radar/2026-15530"
"2026-15181","2026-07-28","Notice","Trade Representative, Office of United States","Notice of Actions in Section 301 Investigations of Acts, Policies, and Practices of Various Economies Related to the Failure of Each Economy To Impose and Effectively Enforce a Prohibition on the Importation of Goods Produced With Forced Labor","","","Docket Nos. USTR-2026-0265, USTR-2026-0266","origin-traceability | classification-duties | cost-impact | enforcement-admissibility","forced labor | tariff | duty | rate | investigation","https://www.federalregister.gov/documents/2026/07/28/2026-15181/notice-of-actions-in-section-301-investigations-of-acts-policies-and-practices-of-various-economies","https://www.tyllus.com/en/resources/us-import-evidence-change-radar/2026-15181"
"2026-14542","2026-07-20","Notice","Trade Representative, Office of United States","Notice of Action: Brazil's Acts, Policies, and Practices Related to Digital Trade and Electronic Payment Services; Unfair, Preferential Tariffs; Anti-Corruption Enforcement; Intellectual Property Protection; Ethanol Market Access; and Illegal Deforestation","","","","classification-duties | enforcement-admissibility","tariff | enforcement | investigation","https://www.federalregister.gov/documents/2026/07/20/2026-14542/notice-of-action-brazils-acts-policies-and-practices-related-to-digital-trade-and-electronic-payment","https://www.tyllus.com/en/resources/us-import-evidence-change-radar/2026-14542"
"2026-13771","2026-07-08","Notice","U.S. Customs and Border Protection","Agency Information Collection Activities; Extension; Court-Ordered Refunds Under the International Emergency Economic Powers Act Worksheet","","","OMB Control Number 1651-0149","","","https://www.federalregister.gov/documents/2026/07/08/2026-13771/agency-information-collection-activities-extension-court-ordered-refunds-under-the-international","https://www.tyllus.com/en/resources/us-import-evidence-change-radar/2026-13771"
"2026-13574","2026-07-06","Notice","U.S. Customs and Border Protection","Modification and Clarification of the National Customs Automation Program Test Regarding Post-Summary Corrections","","","","documents-records | classification-duties | systems-filing | cost-impact","document | duty | automation | fee","https://www.federalregister.gov/documents/2026/07/06/2026-13574/modification-and-clarification-of-the-national-customs-automation-program-test-regarding","https://www.tyllus.com/en/resources/us-import-evidence-change-radar/2026-13574"
"2026-12670","2026-06-24","Rule","U.S. Customs and Border Protection","Indefinite Suspension of the De Minimis Exemption for Merchandise Arriving Through All Modes Other Than the International Postal Network","2026-07-24","2026-06-24","USCBP-2026-0760 | CBP Dec. 26-12","documents-records","document","https://www.federalregister.gov/documents/2026/06/24/2026-12670/indefinite-suspension-of-the-de-minimis-exemption-for-merchandise-arriving-through-all-modes-other","https://www.tyllus.com/en/resources/us-import-evidence-change-radar/2026-12670"
"2026-10571","2026-05-28","Notice","International Trade Administration","Implementing Certain Tariff-Related Elements of a Trade and Security Agreement Between the American Institute in Taiwan and the Taipei Economic and Cultural Representative Office in the United States","","2026-05-28","","classification-duties","tariff","https://www.federalregister.gov/documents/2026/05/28/2026-10571/implementing-certain-tariff-related-elements-of-a-trade-and-security-agreement-between-the-american","https://www.tyllus.com/en/resources/us-import-evidence-change-radar/2026-10571"
"2025-23912","2025-12-29","Notice","Trade Representative, Office of United States","Notice of Action: China's Acts, Policies, and Practices Related to Targeting of the Semiconductor Industry for Dominance","","","","classification-duties | cost-impact","tariff | rate","https://www.federalregister.gov/documents/2025/12/29/2025-23912/notice-of-action-chinas-acts-policies-and-practices-related-to-targeting-of-the-semiconductor","https://www.tyllus.com/en/resources/us-import-evidence-change-radar/2025-23912"
